depth,tvd,inclination,azimuth,formation_strength,pore_pressure,fracture_gradient,formation_type,abrasiveness,wob,rpm,flow_rate,mud_weight,bit_diameter,pipe_od,time,bit_wear
0.0,0.0,0.0,231.32793971650824,21.393095960329592,93.7926724361586,1421.114895418357,2,0.37568558563163745,63.62902368535703,77.70247039237309,958.9556234559226,1066.4669447234226,8.5,3.4000000000000004,2024-01-01 00:00:00,0.0
12.56281407035176,12.56281407035176,0.0,28.280819132541772,12.988960193126193,81.87769444206353,1525.4416095986574,0,0.3759430861683151,68.82932188559903,141.18729912605627,1175.686845310906,1075.2638421635475,12.25,4.9,2024-01-01 01:00:00,0.013516897359845504
25.12562814070352,25.12562814070352,0.0,266.60330037342356,21.26136096635707,85.83656278135845,1487.572853393759,1,0.4642790749428992,78.94275189526456,152.9503749035969,1127.0918595472124,1251.0702212586534,8.5,3.4000000000000004,2024-01-01 02:00:00,0.0
37.688442211055275,37.688442211055275,0.0,34.16703885624464,21.451585271805218,147.41597424495956,1572.153108208991,0,0.3272330236834188,140.67282431223492,178.0664216822732,1488.9421605802945,1392.882972637079,8.5,3.4000000000000004,2024-01-01 03:00:00,0.0
50.25125628140704,50.25125628140704,0.0,213.86980100509646,19.50931126453393,101.46073602043596,1541.5133011461814,0,0.391229020326245,107.43533458126407,120.2312321236628,695.8220428603973,1044.2826011628833,12.25,4.9,2024-01-01 04:00:00,0.0
62.8140703517588,62.8140703517588,0.0,252.9504741089624,23.79297895652163,78.99645193081767,1564.2574320697702,1,0.7826048192728676,122.7535537265684,143.86537154762837,1173.9665603656713,1381.6982633931837,12.25,4.9,2024-01-01 05:00:00,0.0
75.37688442211055,75.37688442211055,0.0,23.949938955907886,26.363297399131778,72.14851653587917,1473.5962285935643,2,0.5140919699335864,97.87659507772042,163.82942083636945,1356.639561984883,1352.2070371616205,12.25,4.9,2024-01-01 06:00:00,0.0
87.93969849246231,87.93969849246231,0.0,83.08607541355143,16.787377332281203,96.30123699576396,1565.6014682119558,1,0.6160096042112182,114.80711044798565,126.32559162581681,746.9857548308024,1451.0524987947788,8.5,3.4000000000000004,2024-01-01 07:00:00,0.008228568378592004
100.50251256281408,100.50251256281408,0.0,329.6420036141939,16.835103354630803,106.11980886773374,1587.3110016026365,2,0.6630556296723185,85.92477659903726,101.47501181567995,1344.096807359792,1136.6280189308848,17.5,7.0,2024-01-01 08:00:00,0.05522661924876884
113.06532663316584,113.06532663316584,0.0,221.8732172038427,20.434193207448516,130.29000679187004,1515.0241078259578,2,0.48348070350360023,124.26043073976169,167.1797453705448,1708.2777275471556,1269.3608399617824,12.25,4.9,2024-01-01 09:00:00,0.052461489619675714
125.6281407035176,125.6281407035176,0.0,88.66296677179137,18.18013545349556,129.6097173995871,1481.8766901372032,1,0.3736135372052585,138.4759392428685,113.47930416964715,1676.2383884339358,1479.790963865326,12.25,4.9,2024-01-01 10:00:00,0.001842154399502506
138.19095477386935,138.19095477386935,0.0,248.64471761328238,13.175643535939379,113.69216705593024,1484.6392831543599,0,0.4032905081108904,66.83044557001867,124.94314520770244,640.1495997513204,1348.5094388034256,12.25,4.9,2024-01-01 11:00:00,0.002092235253203803
150.7537688442211,150.7537688442211,0.0,214.83951118620826,16.524574006827454,105.99200516123034,1584.5637149274314,1,0.45663323829030517,115.83327135941106,85.69041085876952,832.0374735140468,1165.6059125440754,8.5,3.4000000000000004,2024-01-01 12:00:00,0.0028829608758469613
163.31658291457288,163.31658291457288,0.0,180.56725197046143,15.471560093958525,123.12369535989109,1658.7147745583516,2,0.6180342101761128,122.71253572803694,75.85390558655502,880.5912184106212,1092.3625673147594,8.5,3.4000000000000004,2024-01-01 13:00:00,0.016587050635801272
175.87939698492463,175.87939698492463,0.0,351.4273109957101,27.80104650994001,82.6130181757647,1477.2996560389774,1,0.4991402745445272,132.3859558741315,156.98842834352442,1159.1766995422295,1139.2124509564067,17.5,7.0,2024-01-01 14:00:00,0.03499575135315346
188.4422110552764,188.4422110552764,0.0,246.0433598667032,30.398557140599152,158.465838984112,1475.3403291561633,1,0.30340734895006405,117.87971776362403,135.51240809192203,837.8284790624746,1289.0120518360382,12.25,4.9,2024-01-01 15:00:00,0.031555219414212826
201.00502512562815,201.00502512562815,0.0,135.15879948044855,16.532882964783347,133.18261442969504,1576.221462802568,2,0.5617035925337359,67.59323502274763,95.48222423861651,810.821356693561,1352.531211298892,8.5,3.4000000000000004,2024-01-01 16:00:00,0.012028324903275003
213.5678391959799,213.5678391959799,0.0,288.02643554767246,24.866045957645355,138.69658831416342,1494.3394994110647,0,0.7607566959537089,71.4229439053113,86.32225551693678,1711.4354665976662,1051.2390346925617,17.5,7.0,2024-01-01 17:00:00,0.00575870883355778
226.13065326633168,226.13065326633168,0.0,318.4499854516276,26.62888865501207,101.12999768910096,1584.8373672013633,1,0.7060388055043395,35.71382832637033,131.57295815671748,1702.3378608708365,1324.934167589245,12.25,4.9,2024-01-01 18:00:00,0.0
238.69346733668343,238.69346733668343,0.0,45.07940142605931,14.925590740067516,149.52231955960028,1559.071328776835,2,0.7126056856298155,112.93588228846089,127.35295091718856,744.7065315565346,1274.608460834228,8.5,3.4000000000000004,2024-01-01 19:00:00,0.013135017333987066
251.2562814070352,251.2562814070352,0.0,72.19907202429593,23.31745754996535,115.92528492017762,1536.489577086157,2,0.6975290088030656,42.9701113749148,90.4982829554841,946.7662824140212,1246.744152167949,12.25,4.9,2024-01-01 20:00:00,0.07078689330081886
263.81909547738695,263.81909547738695,0.0,77.84172328600069,35.3057717815065,107.33074709136744,1561.6364410476924,1,0.4618654128052118,120.27241951510123,162.74295174479042,1070.8380886916584,1329.6306227464017,12.25,4.9,2024-01-01 21:00:00,0.02712767603003568
276.3819095477387,276.3819095477387,0.0,248.83625137915453,26.14955342726554,126.85474354264949,1560.4672048898306,0,0.6825969168771959,46.12638235640699,72.57109000091205,892.8605355504519,1422.136773430988,8.5,3.4000000000000004,2024-01-01 22:00:00,0.05213656292169872
288.94472361809045,288.94472361809045,0.0,217.094239819182,21.662944529518253,127.64337064204157,1534.3613836534048,1,0.3715806789055965,57.35565779681237,96.18300340151659,1311.207889027835,1154.3026475040785,8.5,3.4000000000000004,2024-01-01 23:00:00,0.06691905961594256
301.5075376884422,301.5075376884422,0.0,222.83696329149174,20.21414275079338,108.58001231860429,1457.4080790713417,0,0.6288580736379767,78.40412635486393,142.80720218127715,1352.3125757441587,1432.7509840054868,8.5,3.4000000000000004,2024-01-02 00:00:00,0.09898559782084915
314.070351758794,314.070351758794,0.0,338.67838788822036,13.028395593983468,113.50828810505209,1556.043089193271,0,0.6207842833424972,109.39222643876757,89.51652172123075,1650.3300643317946,1052.673686923766,12.25,4.9,2024-01-02 01:00:00,0.10169958019110074
326.63316582914575,326.63316582914575,0.0,279.3281518106301,25.618699938875118,113.19868107635358,1627.64799317758,0,0.3127848995448673,63.623190487892884,161.69419064382348,1451.2578727269367,1105.6990820656722,12.25,4.9,2024-01-02 02:00:00,0.08990000653396504
339.1959798994975,339.1959798994975,0.0,46.05729282424194,33.13104373526655,114.64529663281326,1470.4409638246984,0,0.6939850667954658,82.27976427094949,156.11995254030475,1234.1558669226376,1130.6255663029665,17.5,7.0,2024-01-02 03:00:00,0.021354895184749638
351.75879396984925,351.75879396984925,0.0,125.10254967306517,19.44986916770889,127.41392125499291,1504.47456808853,1,0.7516240525475653,85.93151039999121,156.13034239235785,1362.7364277073395,1038.0606616330583,12.25,4.9,2024-01-02 04:00:00,0.07785880070251133
364.321608040201,364.321608040201,0.0,156.74171262326482,13.965292682816703,108.65245808057094,1575.9895899443306,2,0.4337076392360538,59.47883499428493,69.78850977304003,923.5962037949048,1109.7348895147811,8.5,3.4000000000000004,2024-01-02 05:00:00,0.10152266869119085
376.8844221105528,376.8844221105528,0.0,142.54617194913777,20.447723314339406,123.86095226277656,1558.4622564531971,2,0.7061953620930754,49.885075760791516,79.99798581835309,1323.8250136919912,1064.1885225707347,12.25,4.9,2024-01-02 06:00:00,0.027105688898446875
389.44723618090455,389.44723618090455,0.0,240.95109929827652,28.302471091700088,159.84741458577582,1578.9761934063501,2,0.3412029859309741,126.51643664775587,96.38579225828862,1216.400744105247,1411.4530259247615,17.5,7.0,2024-01-02 07:00:00,0.08285790860183874
402.0100502512563,402.0100502512563,0.0,321.0815171723625,21.877600478402137,156.6671940672093,1525.3355971463052,2,0.599983929130533,92.77089574216555,132.46226855570887,856.8910758777614,1073.3043708987245,17.5,7.0,2024-01-02 08:00:00,0.11617842462885421
414.57286432160805,414.57286432160805,0.0,110.17852686820368,20.04338817865064,120.45970161430571,1620.3088439778564,2,0.5428234326671386,39.48433153309269,151.031769008433,758.1293103068543,1374.4997439397346,8.5,3.4000000000000004,2024-01-02 09:00:00,0.0803247804485483
427.1356783919598,427.1356783919598,0.0,198.67576911162683,24.367131359208894,161.87766618508064,1566.4153800433046,2,0.5729617666544999,119.22894301522066,157.45633193518808,941.6625739056311,998.4198184278453,8.5,3.4000000000000004,2024-01-02 10:00:00,0.0358377559681368
439.6984924623116,439.6984924623116,0.0,284.18739188889083,25.54548866046239,104.64106386351017,1600.8040499864996,1,0.7631026009421725,144.64324613140877,148.3734440430935,1640.94967685096,1493.2303346222282,17.5,7.0,2024-01-02 11:00:00,0.03904103432602306
452.26130653266335,452.26130653266335,0.0,149.83850118432576,17.580662361468164,193.80901709350942,1583.8530665284545,0,0.7356576236234267,93.0410957690735,170.79323542214865,857.1954672305221,1321.4151205562446,17.5,7.0,2024-01-02 12:00:00,0.08211586504790772
464.8241206030151,464.8241206030151,0.0,60.52252622374651,23.561822721346033,172.48867590301336,1578.498366488502,2,0.6925418286198786,90.08292862566346,149.0504761024705,991.1360499183056,1012.6290057852848,17.5,7.0,2024-01-02 13:00:00,0.05846569086227847
477.38693467336685,477.38693467336685,0.0,170.98234749494938,22.28753127712198,136.54405522453456,1602.9497230524114,1,0.4368492288391855,128.51781900625232,92.109766288676,1103.1145822144376,1394.239668530016,8.5,3.4000000000000004,2024-01-02 14:00:00,0.11192245264399932
489.9497487437186,489.9497487437186,0.0,19.880107467490248,21.694975741196775,156.64350610907405,1582.8168600099052,2,0.7559093143430458,131.36826466796427,91.19758005661164,1458.727015191385,1252.644086307509,17.5,7.0,2024-01-02 15:00:00,0.11886987623935913
502.5125628140704,502.5125628140704,0.0,339.2580434408197,19.939942281183463,122.23286971922447,1515.866933017335,2,0.3487538462319376,114.87800857278957,143.69711752358296,803.6506967090897,1396.751035643671,17.5,7.0,2024-01-02 16:00:00,0.06829049210887693
515.0753768844221,515.0753768844221,0.0,26.935633870190294,29.857043042818212,152.71639348695848,1631.6291478184617,0,0.7266646082793939,79.98691066941937,82.50272486406932,1736.03750141151,1255.70569506049,8.5,3.4000000000000004,2024-01-02 17:00:00,0.14186840422933292
527.6381909547739,527.6381909547739,0.0,157.84441749020814,22.0544472655576,149.09055844542806,1620.052092955625,0,0.4640800361768039,102.40798528665157,68.17134048507829,1708.6119778490756,1327.8223328794998,12.25,4.9,2024-01-02 18:00:00,0.09971842268884737
540.2010050251257,540.2010050251257,0.0,190.75725399186942,15.42728362118483,137.32483271466467,1475.6876311858782,0,0.3268861558309917,103.40250322427802,125.30789063446974,1372.5017773410323,1413.0242785678984,12.25,4.9,2024-01-02 19:00:00,0.0723247917642175
552.7638190954774,552.7638190954774,0.0,354.70937962342276,26.84912730083194,145.90523218303056,1550.2045586205377,2,0.6346784921203741,64.73902541228044,153.97962628926547,1415.7854636370237,1186.7114987662217,17.5,7.0,2024-01-02 20:00:00,0.13697792362603503
565.3266331658292,565.3266331658292,0.0,59.76785651142988,29.279263695024216,145.1929138003944,1636.9170180995147,2,0.4156399641579777,84.353577436196,66.37060809376365,678.8543955714373,1014.8333720892721,12.25,4.9,2024-01-02 21:00:00,0.14206277663484312
577.8894472361809,577.8894472361809,0.0,41.19534670044908,21.79881414628242,135.1542103372654,1495.3369897615355,2,0.42178556293231595,120.74195717455996,158.57463970911974,1008.7955813439673,1458.8212080203564,12.25,4.9,2024-01-02 22:00:00,0.12950743671378193
590.4522613065327,590.4522613065327,0.0,3.1342129425156884,23.106209164145497,141.88228121272002,1635.7461832910171,0,0.45302358311438573,100.44904935157292,160.47739141262218,1625.3039025712742,1195.7364865630184,12.25,4.9,2024-01-02 23:00:00,0.15343700758156184
603.0150753768844,603.0150753768844,0.0,56.00571727294883,22.78488215162698,131.4646190176942,1583.39113452382,1,0.33184238375125835,86.27369570112275,111.33485760638345,684.8964066826852,1237.9592785198631,12.25,4.9,2024-01-03 00:00:00,0.14434031227844402
615.5778894472362,615.5778894472362,0.0,74.61827246436034,24.42251208732181,178.70440425593597,1659.3508119337848,2,0.388563572099127,103.07694273129835,57.72946196909611,908.300576968205,1049.147977858695,17.5,7.0,2024-01-03 01:00:00,0.16133615161214632
628.140703517588,628.140703517588,0.0,227.00913896991324,31.815657946124993,144.17181542263341,1594.163766073865,2,0.30256981379278014,45.98599840977357,75.90707192267952,1246.3566224875929,1247.8201299559441,12.25,4.9,2024-01-03 02:00:00,0.11901694555206552
640.7035175879397,640.7035175879397,0.0,79.09444454090415,25.836739314017613,139.62993432739088,1560.0021279884097,2,0.5227047605528934,85.40707765152823,144.2496580470659,899.0141815768476,1497.8742988619224,12.25,4.9,2024-01-03 03:00:00,0.15290041632753218
653.2663316582915,653.2663316582915,0.0,7.3874933025570755,30.730631044918944,182.15672676214908,1613.3942327867007,1,0.34212768870898563,114.79132472883234,151.1851012727415,1724.9929786898383,1144.1813146000568,8.5,3.4000000000000004,2024-01-03 04:00:00,0.18062842267456275
665.8291457286432,665.8291457286432,0.0,297.58260438089593,21.814133299552665,173.97532165965092,1598.355097383797,2,0.6413263025220994,61.578467142942365,167.03891018105725,709.9777238963508,1206.6664016731747,17.5,7.0,2024-01-03 05:00:00,0.15565894889769055
678.391959798995,678.391959798995,0.0,131.61445236142805,24.86546750008503,183.9292170988787,1561.2162372628152,1,0.4178114255958242,62.69016963442808,126.07553234290977,1544.3678065395513,1336.8174993253588,8.5,3.4000000000000004,2024-01-03 06:00:00,0.09709676998351222
690.9547738693468,690.9547738693468,0.0,127.33080716906422,31.679616817930004,187.4171418708678,1714.5603902309713,2,0.7717870720175886,135.87165400554792,75.63581527106858,1183.2109648166515,1411.196650975913,8.5,3.4000000000000004,2024-01-03 07:00:00,0.14002282701678764
703.5175879396985,703.5175879396985,0.0,108.89245050045356,23.007148887265686,209.10085673273832,1556.972729111739,1,0.7356258136993263,69.64402068797294,73.99970808434875,1446.5481536674217,1227.7394868717856,17.5,7.0,2024-01-03 08:00:00,0.14943829671224249
716.0804020100503,716.0804020100503,0.0,351.1343797727115,32.22148632464316,168.48724486714136,1495.2642915485178,2,0.4447204474841041,61.917106123578414,139.63084634555386,1024.6526270514162,1147.3664147759512,12.25,4.9,2024-01-03 09:00:00,0.11063714790914916
728.643216080402,728.643216080402,0.0,61.241550231341336,24.14451170582833,143.71216802813007,1688.381430818135,0,0.6916077273283394,135.9090372074351,75.17884538835459,1277.9827029297358,1460.5130204499997,8.5,3.4000000000000004,2024-01-03 10:00:00,0.19201780663388415
741.2060301507538,741.2060301507538,0.0,323.36570302316466,25.80374772621544,179.54135903031792,1582.0027309068166,0,0.7016224523324031,112.80496632516416,92.66527244341617,1679.774053582427,1332.7307938264614,17.5,7.0,2024-01-03 11:00:00,0.11579918379361238
753.7688442211056,753.7688442211056,0.0,279.64919957035966,35.88850137895568,161.99679196451422,1598.226663584881,0,0.7932815570572052,113.06582806522279,130.86469850516934,1156.0459294166503,1037.5551958868868,12.25,4.9,2024-01-03 12:00:00,0.1185095608155434
766.3316582914573,766.3053298433155,0.47494478216895225,27.532783979752708,25.483958412602,157.48042731802073,1597.0504962450457,0,0.5989199934228424,131.7357540246486,67.27169251050621,1030.54469402273,1020.807149830293,17.5,7.0,2024-01-03 13:00:00,0.19478304545574696
778.8944723618091,778.7874339523879,0.9498895643379045,355.22247654030554,28.514603353277057,179.87724683958362,1588.3355433849417,2,0.3409828673218311,51.95039077182291,86.889702949715,1190.2277957163158,1227.3033269223827,8.5,3.4000000000000004,2024-01-03 14:00:00,0.15229943778452892
791.4572864321608,791.2125725590025,1.4248343465068567,97.6917468740438,30.994307838198704,196.43631191609208,1580.3722623206781,0,0.6234186144631905,109.9073045061993,114.48808713501828,1481.566948405707,1110.0345825502757,12.25,4.9,2024-01-03 15:00:00,0.11461028521388378
804.0201005025126,803.5781658253536,1.899779128675809,35.48985372806844,29.168324906613595,163.63791975060968,1570.6958597489547,1,0.6124898741880176,82.95390159367457,90.71607678087742,1140.7575999074843,1143.715289802242,12.25,4.9,2024-01-03 16:00:00,0.1706227700943554
816.5829145728644,815.8816383610204,2.3747239108447613,298.5531242852734,29.434083128058084,207.0759255827364,1625.6202338393814,0,0.6191752887102159,123.47696997739747,81.74034128097655,1868.8497399970117,1467.9203713515135,17.5,7.0,2024-01-03 17:00:00,0.17349921777787766
829.1457286432161,828.1204195185098,2.8496686930137134,254.40319212397196,27.998505475276424,163.01976277179466,1604.1186850439947,0,0.45357282405210575,87.56267181653716,147.76300322089094,1008.2901069515976,1045.9267845019926,12.25,4.9,2024-01-03 18:00:00,0.1222792215972994
841.7085427135679,840.2919436884396,3.324613475182666,222.19877011604427,21.89172339180278,179.15112994233468,1662.5619010699631,0,0.7298397925401665,105.11631697988506,154.2834623711717,1186.3185737314873,1366.811452643019,8.5,3.4000000000000004,2024-01-03 19:00:00,0.21559395810607979
854.2713567839196,852.3936505943327,3.799558257351618,56.153110931615934,30.26538315644212,192.96552269505065,1651.9937501699576,2,0.779736091477706,85.72579169386344,94.29657886639183,1506.2327256600634,1140.4390028084479,8.5,3.4000000000000004,2024-01-03 20:00:00,0.17525726788624146
866.8341708542714,864.4229855870005,4.27450303952057,172.25860185214628,24.981887570811733,178.6843143850189,1583.28783816178,0,0.40885625648907575,86.61270208373405,153.61793721637483,1477.0106354487712,1338.2953315979357,8.5,3.4000000000000004,2024-01-03 21:00:00,0.1793464063888307
879.3969849246232,876.377399938478,4.749447821689523,281.00016967939695,32.642610086400666,152.11769321507705,1636.8826737943896,1,0.3440760790683222,109.4956577332653,108.25776658905428,1590.5823293815615,1338.2478739945668,17.5,7.0,2024-01-03 22:00:00,0.17789093843516407
891.9597989949749,888.2543511354893,5.224392603858475,109.30461773178249,35.74285063110332,207.37358494932505,1612.3462364642558,0,0.39726751658424203,93.79937964591562,121.87983001840087,1853.152907418032,1018.9212365454414,12.25,4.9,2024-01-03 23:00:00,0.18946513776345697
904.5226130653267,900.051303172413,5.699337386027427,112.20833826541492,19.972726724639056,177.53584351012077,1585.4246733441787,0,0.7102760696278594,112.63125536185909,163.74520285153298,1057.8728195422427,1271.737409899191,12.25,4.9,2024-01-04 00:00:00,0.15733449789044082
917.0854271356784,911.7657268437172,6.174282168196379,1.1307261773239619,35.986696405572694,206.07454167224557,1671.2364375523143,0,0.6383223174099237,85.67666793097895,153.99721125672266,705.3048628792377,1086.3719016914226,12.25,4.9,2024-01-04 01:00:00,0.16214122022461974
929.6482412060302,923.3951000358402,6.649226950365332,62.72762459233664,27.178662041023184,167.05662730303078,1632.4430010399576,1,0.6180236711695632,95.1326270219058,169.53305640202967,544.5900819993386,1429.5572756000706,8.5,3.4000000000000004,2024-01-04 02:00:00,0.1870635572208193
942.211055276382,934.9369080184836,7.1241717325342835,315.14602504386033,28.694622969262472,171.6249591599201,1619.8630351942486,0,0.5008965675547122,110.01029180456496,82.6653794931106,1502.9560985201804,1395.896252219184,12.25,4.9,2024-01-04 03:00:00,0.21911079653163434
954.7738693467337,946.388643735294,7.599116514703236,159.02873698957455,24.901949174790992,211.88753256463656,1599.17993473913,1,0.5889139857557179,126.97170994708489,69.46455690146276,1661.3128568836182,1188.6024040332954,8.5,3.4000000000000004,2024-01-04 04:00:00,0.14594123151876462
967.3366834170855,957.7478080939039,8.074061296872188,354.32441972439625,30.51981672627042,202.58494266423085,1592.2653331604188,1,0.4539370626371837,113.13183969392642,165.65553291606057,836.7809518950013,1204.687652312597,12.25,4.9,2024-01-04 05:00:00,0.2038077579054417
979.8994974874372,969.0119102553016,8.54900607904114,142.45486688656533,30.024193518440043,188.12947681183664,1744.7901877340225,0,0.5386000397089806,128.39516291245428,105.53643775852136,743.6807050790962,1164.2168412840776,8.5,3.4000000000000004,2024-01-04 06:00:00,0.22665771374811886
992.462311557789,980.1784679225053,9.023950861210093,257.46712372088683,35.1863988056893,205.1184787556673,1663.7327026698756,1,0.6965315141853279,116.73488163549317,88.26491489530946,743.5822211658325,1351.1557275516836,12.25,4.9,2024-01-04 07:00:00,0.16418418951528052
1005.0251256281408,991.245007628512,9.498895643379045,101.4908554457025,26.205483693133832,180.04371805196405,1594.1302992841358,2,0.7906207987277311,92.52374056181549,150.28626822418502,1580.5633091804891,1213.138691675838,17.5,7.0,2024-01-04 08:00:00,0.15250727932368477
1017.5879396984925,1002.2090650234932,9.973840425547998,130.97147081073607,38.32610265992447,202.42608885212752,1664.7246546696645,0,0.7662444617949009,106.99919402083813,155.2952581312911,935.2935591450723,1163.249004018532,17.5,7.0,2024-01-04 09:00:00,0.1847889174538443
1030.1507537688442,1013.0681851612101,10.44878520771695,68.66135553272207,33.45425228315655,203.8778969839223,1705.0610366139583,0,0.7669329714231243,133.46636270782074,161.6364830675498,1178.132919492633,1249.5894986766714,8.5,3.4000000000000004,2024-01-04 10:00:00,0.21484452142672866
1042.713567839196,1023.8199227846203,10.923729989885901,124.94245265978219,30.693044111723246,194.90636017464146,1661.9488690441951,1,0.5011118674235562,102.1087744654991,101.27140044953728,1170.4470839744492,1027.413499320865,8.5,3.4000000000000004,2024-01-04 11:00:00,0.172371030908314
1055.2763819095478,1034.461842610648,11.398674772054854,197.00550735143153,29.440696606629025,186.74047014924963,1723.8703434982533,1,0.5343949402533954,128.9743453411841,161.07886042521827,1664.2747346241501,1383.1194265649333,12.25,4.9,2024-01-04 12:00:00,0.2036675134791581
1067.8391959798996,1044.9915196140914,11.873619554223806,357.0382371525298,28.917067960471663,205.90412352570502,1579.6080708386153,0,0.6528176981844908,105.30626610851841,62.450633372275185,1323.4503376732532,996.7477188571361,12.25,4.9,2024-01-04 13:00:00,0.21879998893340769
1080.4020100502514,1055.4065393106382,12.348564336392759,239.11261670584284,29.34734652107386,204.44103106504588,1558.7448785275851,2,0.7610959640256421,89.76032615090206,59.97197554463804,1320.3302443190248,1328.799967124963,17.5,7.0,2024-01-04 14:00:00,0.22596871148578196
1092.964824120603,1065.7044980389621,12.823509118561711,71.72854358699306,31.499054765066987,197.25400822550404,1672.8815457985318,1,0.3709971296760423,64.18431465079442,140.8489370824226,835.9210812162122,1075.319988522557,12.25,4.9,2024-01-04 15:00:00,0.1960341369241581
1105.5276381909548,1075.883003241876,13.298453900730664,16.186118972958408,29.713830228950094,186.91201092057258,1675.2072576549756,1,0.45212093191359787,74.13432786768809,63.40665496660115,1212.9360225715945,1140.7251504582357,8.5,3.4000000000000004,2024-01-04 16:00:00,0.2111084912368201
1118.0904522613066,1085.939673746507,13.773398682899614,45.488333273223816,27.65674945492763,208.84350836136005,1495.9159421492639,2,0.36962342229705475,140.25296997592466,96.02372108647964,1470.645371690039,1302.0773683159423,8.5,3.4000000000000004,2024-01-04 17:00:00,0.2514520133590172
1130.6532663316584,1095.8721400434747,14.248343465068567,202.51987245829704,31.831017874618258,200.32076670761535,1633.2020164464204,2,0.6060042649797277,106.26635464964063,131.77207125046158,1740.9713173353898,1457.5269523980314,8.5,3.4000000000000004,2024-01-04 18:00:00,0.2702521226784002
1143.2160804020102,1105.6780445650415,14.72328824723752,275.4577183740359,26.87533985202348,189.87465204776552,1615.4185909655835,0,0.45315049844376876,94.74934782934923,100.37272228746767,761.7977634610429,1429.5343608511384,8.5,3.4000000000000004,2024-01-04 19:00:00,0.2648312491922277
1155.7788944723618,1115.3550419622077,15.198233029406472,338.5509146282689,32.76588492463081,212.406100411383,1597.7059442591733,2,0.4630539262562867,131.32789818657704,79.88549934100371,684.7308428989076,1121.7697497030547,8.5,3.4000000000000004,2024-01-04 20:00:00,0.23758412906781556
1168.3417085427136,1124.9007993807234,15.673177811575425,5.696341918855494,30.133672816403525,244.65618937918006,1618.183031676618,0,0.3354579797439896,103.20115701435103,94.67136420730307,666.4703014494602,1066.6298422322043,17.5,7.0,2024-01-04 21:00:00,0.22469762200293739
1180.9045226130654,1134.3129967359944,16.148122593744375,188.19365096227313,34.826784513519165,206.09474635545786,1699.936339590367,2,0.47489803090379595,96.99899151843294,109.03588148526394,1065.473580994992,1429.8710128324526,17.5,7.0,2024-01-04 22:00:00,0.21947656595975487
1193.4673366834172,1143.5893269868518,16.62306737591333,169.51224824034364,36.3812643233459,244.31446352352563,1620.6681479835422,1,0.7312482537007927,114.69922622295375,120.71720661033356,1619.7514518768007,1210.5548320664143,8.5,3.4000000000000004,2024-01-04 23:00:00,0.20118912394508523
1206.0301507537688,1152.7274964081603,17.09801215808228,236.17980791125342,36.4706777658053,257.55938393541794,1623.753017732132,0,0.41653640594541747,114.22540601644384,144.76397499743365,624.0084083374637,1068.6412303501666,12.25,4.9,2024-01-05 00:00:00,0.20186115487236506
1218.5929648241206,1161.7252248622358,17.572956940251235,201.4483876075231,33.20777752888549,197.1041444386701,1593.3185182864515,0,0.6475937331050328,63.632853150044966,149.5575000318695,1112.6471481160977,1447.1613283792656,8.5,3.4000000000000004,2024-01-05 01:00:00,0.2625543554561899
1231.1557788944724,1170.5802460690518,18.047901722420185,247.334094209693,33.87995856452475,217.23890877088448,1739.032519036149,0,0.6148141724692964,88.80845858553569,115.39557796243413,1053.0649865072621,1420.9617583152033,17.5,7.0,2024-01-05 02:00:00,0.2222105973960105
1243.7185929648242,1179.2903078752006,18.522846504589136,236.90973050970854,30.179147948159827,260.00366914384625,1698.6251644548117,2,0.7317423041845577,86.22421918381491,161.768951925383,688.6620108709166,1497.0277623587522,8.5,3.4000000000000004,2024-01-05 03:00:00,0.2242098872362095
1256.281407035176,1187.85317252159,18.99779128675809,42.12422094886063,35.26673016763264,216.36371802397815,1553.5601657330935,1,0.3661439738255191,79.72829006178748,74.49723098676884,1150.2222265244022,1454.976905622532,17.5,7.0,2024-01-05 04:00:00,0.30107578685481373
1268.8442211055276,1196.266616909844,19.47273606892704,287.89844890273906,35.915172972407056,220.3629046062924,1630.3279885753172,0,0.7887949801725216,86.53391500057845,94.58576044877252,914.477688983357,1447.4685844808312,17.5,7.0,2024-01-05 05:00:00,0.22256144000848505
1281.4070351758794,1204.5284328673865,19.947680851095996,44.363727257876945,24.208638561051224,187.0527337992408,1707.1051591498544,0,0.5913143230201827,81.66626761918404,165.98066914513544,1106.3749184292606,987.7780345387637,8.5,3.4000000000000004,2024-01-05 06:00:00,0.22108738298405883
1293.9698492462312,1212.6364274111747,20.422625633264946,251.47102507528936,34.018100252148066,210.63040473472412,1745.9650915608179,0,0.7977370761734072,58.76891766898703,104.58124499357368,1410.235254778494,1037.22903088385,8.5,3.4000000000000004,2024-01-05 07:00:00,0.2186624926252383
1306.532663316583,1220.5884230100671,20.8975704154339,149.81233235061842,39.04653326864501,233.17061599438549,1725.130201419843,0,0.7557573629329254,79.28732060850076,172.902573879563,1246.6239721115478,1264.918340486938,12.25,4.9,2024-01-05 08:00:00,0.26928706717999623
1319.0954773869348,1228.382257845788,21.37251519760285,184.98626444757525,30.50237110543396,271.4238786436038,1666.4731931639737,1,0.4107586360565529,38.59508969800051,118.75398019480403,723.1454402113671,1285.8647786009683,17.5,7.0,2024-01-05 09:00:00,0.27660547807759706
1331.6582914572864,1236.0157860724737,21.847459979771802,325.1872851752558,29.487422980055342,219.68144193781356,1588.8335248712192,2,0.32808100495165654,92.44059752037901,153.63107783193072,1656.882158191367,1214.1997549311982,12.25,4.9,2024-01-05 10:00:00,0.2528544509171455
1344.2211055276382,1243.4868780747693,22.322404761940756,320.35814153045516,30.335551475316095,191.09616136244983,1730.035481406781,1,0.42781954689768076,122.93598077348429,114.59994352399553,1264.956192608542,1172.675554861483,8.5,3.4000000000000004,2024-01-05 11:00:00,0.2723855546566744
1356.78391959799,1250.7934207244502,22.797349544109707,294.4282700358106,24.98355424309887,196.97435825697886,1672.7741705426424,0,0.5637818244997099,117.0039043386493,107.98458921563102,1468.3102920462022,1226.5917933545031,17.5,7.0,2024-01-05 12:00:00,0.3001967370140893
1369.3467336683418,1257.9333176355474,23.27229432627866,183.65341696427637,33.20925294860003,225.07753804478884,1692.1330983760856,1,0.385798183532595,77.46852145743105,101.6559232309381,662.1336217094301,1266.4740154492033,12.25,4.9,2024-01-05 13:00:00,0.3056797635658432
1381.9095477386936,1264.9044894179458,23.747239108447612,265.04633164817994,32.79887209466571,250.03458490283955,1680.864651502267,0,0.38372987225899424,53.405491797870326,147.0080432160608,765.1175428200659,994.0237291498735,12.25,4.9,2024-01-05 14:00:00,0.3221731171193036
1394.4723618090452,1271.704873929437,24.222183890616567,184.64293998677138,33.70218290368087,239.9175610504516,1622.9792561106021,2,0.5312967735525765,66.42950683452773,117.00005713101437,658.2570821570018,1177.97726508406,12.25,4.9,2024-01-05 15:00:00,0.3113212709540965
1407.035175879397,1278.3324265261972,24.697128672785517,313.0581896909199,34.86320737135098,237.03835992282225,1709.962374590079,2,0.3166339855846792,96.19557977573105,170.91622979541287,865.9699843711044,1274.882631424425,8.5,3.4000000000000004,2024-01-05 16:00:00,0.28789117884762205
1419.5979899497488,1284.7851203116638,25.172073454954468,144.99929996384395,28.85788419220926,254.6613997695183,1704.0407196024219,2,0.3609440412661352,61.40717539170477,88.45763510105084,1065.4361519496765,1356.8872371885295,8.5,3.4000000000000004,2024-01-05 17:00:00,0.25188529457363434
1432.1608040201006,1291.060946383794,25.647018237123422,349.28472398935565,34.27660545894816,214.70151288800037,1672.3696998118292,0,0.5079306697039738,89.5323411450707,73.16988945387673,1726.05771855936,1084.6557836788145,8.5,3.4000000000000004,2024-01-05 18:00:00,0.24640851657430435
1444.7236180904524,1297.157914080674,26.121963019292373,335.6361929623959,35.18757244038539,230.0976858072187,1718.1289771052257,1,0.3315649546039832,73.09325879925643,102.21001773055484,1263.779240356242,1291.590338618146,17.5,7.0,2024-01-05 19:00:00,0.2443959126091764
1457.286432160804,1303.0740512244531,26.596907801461327,266.97694300264277,30.588781858159372,219.8997627183974,1626.7611303125027,2,0.49837752822776465,117.80316658905633,129.60802255627337,887.585242758157,1370.4872505449835,8.5,3.4000000000000004,2024-01-05 20:00:00,0.3081098696106992
1469.8492462311558,1308.80740436359,27.071852583630278,100.58971830338592,35.188664034895766,225.45162572731752,1682.870971860383,0,0.5370031329742225,80.32081772508845,169.0804408833414,1297.1342440919616,1223.8258187459712,17.5,7.0,2024-01-05 21:00:00,0.3247234747860305
1482.4120603015076,1314.3560390133707,27.54679736579923,47.39529196557302,33.547093522067414,211.31021681482738,1698.4597794987951,0,0.5256333070365572,68.71905761217602,101.47631912871107,814.8862821072603,1015.611765679814,12.25,4.9,2024-01-05 22:00:00,0.2973508071287094
1494.9748743718594,1319.7180398946887,28.021742147968183,307.6932420335511,30.041231551729982,225.09228256079294,1611.2113243774502,1,0.7345874287015437,125.46630591236284,142.77759605445019,1379.704223479592,1195.0371096240588,12.25,4.9,2024-01-05 23:00:00,0.2544663923577359
1507.5376884422112,1324.8915111710567,28.496686930137134,59.50882300966606,34.66285859412895,231.9348397921977,1695.878896133856,2,0.5650312275258662,68.50845102834846,99.31490471586898,1372.1953258928656,1114.4222328706978,8.5,3.4000000000000004,2024-01-06 00:00:00,0.30505459514757605
1520.1005025125628,1329.8745766838254,28.97163171230609,307.53388403904086,31.845192050072153,225.55802767115154,1736.1634438366386,0,0.5339902312390217,49.04925376954024,133.7940951472306,1561.034902913208,1461.288358335194,12.25,4.9,2024-01-06 01:00:00,0.3475950266549676
1532.6633165829146,1334.6653801855914,29.44657649447504,176.67540241644977,36.83198017192785,230.2453079582831,1685.0382608256953,1,0.5053546226958331,93.04617527977585,167.24962577882417,1814.1977851997838,1049.6409891322407,8.5,3.4000000000000004,2024-01-06 02:00:00,0.316293982409829
1545.2261306532664,1339.2620855717657,29.921521276643993,146.3604421709175,32.19678895537247,242.02701942592032,1699.1835677100478,2,0.7088116891522431,88.25424929596878,96.5006916092454,906.5368853988513,1337.9595584404235,17.5,7.0,2024-01-06 03:00:00,0.3399879749769348
1557.7889447236182,1343.662877110282,30.396466058812944,325.14868038039447,26.987800862277517,259.1402030923162,1729.6666335282507,1,0.7475283019999166,112.12120123229822,107.4209061519873,1238.2550189214917,1030.303478043363,12.25,4.9,2024-01-06 04:00:00,0.3415730537838987
1570.35175879397,1347.865959669422,30.871410840981895,217.38635371450005,34.81359452433247,261.00971332919414,1682.7898885070997,1,0.7266212345985588,60.433866339638676,178.3604791029677,1644.8781669676332,1207.6297310364607,8.5,3.4000000000000004,2024-01-06 05:00:00,0.3572832617368593
1582.9145728643216,1351.8695589437355,31.34635562315085,207.5810425666984,34.66571182859453,250.41539124231338,1687.890563864346,0,0.6367732890656954,91.90454533278124,169.717608528619,1581.8452817545935,1280.2537127999674,12.25,4.9,2024-01-06 06:00:00,0.3436057911378516
1595.4773869346734,1355.6719216780311,31.8213004053198,201.15574006478315,28.151033652792,210.3675625990368,1644.5156125250812,0,0.3686808729843371,71.31266409520899,125.8577257551188,1199.5999793593219,1140.6128099473342,12.25,4.9,2024-01-06 07:00:00,0.3438655287882436
1608.0402010050252,1359.2713158894148,32.29624518748875,133.6210257670313,37.345393736070676,228.7189318775444,1703.1438585173742,0,0.4384349847460061,48.30238336263935,123.4184569808768,1737.5789478504607,1268.8698453204727,8.5,3.4000000000000004,2024-01-06 08:00:00,0.2950183066980691
1620.603015075377,1362.6660310873574,32.771189969657705,282.8315172704858,37.11776449155097,230.7809024944837,1687.6574804828647,1,0.3230315318409887,125.29788503973482,99.20684190865687,756.003614110964,1089.5017432443528,12.25,4.9,2024-01-06 09:00:00,0.2801131185471835
1633.1658291457288,1365.8543784917663,33.24613475182666,91.00743984567828,29.30864282254312,223.44244123340533,1729.832646526431,0,0.765412037495057,113.46256079776248,119.18592196472882,1703.929073699862,1120.8497849933594,12.25,4.9,2024-01-06 10:00:00,0.3283931123345265
1645.7286432160804,1368.8346912490374,33.721079533995606,338.002185614859,30.390215407190816,243.73049270549586,1733.4982013965175,1,0.6303992648454552,68.86693686630117,163.48409202601195,720.9999725903895,1346.9634644594933,12.25,4.9,2024-01-06 11:00:00,0.2915891494378916
1658.2914572864322,1371.6053246460738,34.19602431616456,321.8346738169059,33.0060151813131,205.27396259897822,1745.3012506475552,1,0.6731814421566207,100.28499483166418,150.94869514405872,1322.129622792609,1138.2370478514326,12.25,4.9,2024-01-06 12:00:00,0.3778778790850856
1670.854271356784,1374.164656322236,34.670969098333515,121.49291724296334,29.94738590803417,271.28779502278945,1680.711680903579,0,0.45578586979111446,69.63455766760708,99.41187362554916,1711.306356830576,1430.3767993888325,17.5,7.0,2024-01-06 13:00:00,0.31316333053465967
1683.4170854271358,1376.511086479219,35.14591388050247,262.60695713939896,36.96709678935058,261.5555220783562,1597.647608690677,2,0.7228267611386712,123.6998814028387,85.60033587484801,867.0101487367344,1357.0772118713653,12.25,4.9,2024-01-06 14:00:00,0.3719778374238565
1695.9798994974876,1378.6430380888194,35.62085866267142,206.36035000185294,34.531290127524244,247.4283490469171,1743.8784430365617,2,0.42980164185423925,50.64742499294966,90.70341788045633,1184.6521136013478,1226.2412423739036,12.25,4.9,2024-01-06 15:00:00,0.3279584424197434
1708.5427135678392,1380.5589570985817,36.09580344484037,121.55374871972445,28.337803841544638,236.81370911145447,1728.6398917696577,2,0.30082187855622483,43.91565655229121,77.349512760765,1087.118370020935,1033.393787921201,8.5,3.4000000000000004,2024-01-06 16:00:00,0.3240279676993056
1721.105527638191,1382.257312635301,36.570748227009325,355.8677932783608,29.71021856210656,262.80251716498117,1675.5740166609908,1,0.48820748126034696,88.20011556498909,66.53595390666688,1651.6450237572865,1264.4353699197786,17.5,7.0,2024-01-06 17:00:00,0.3877369627653003
1733.6683417085428,1383.7365972063565,37.04569300917827,9.085444505375113,39.775961857895574,252.161758456241,1735.3074995593201,1,0.5853807404795367,106.21549154832879,117.84446073287498,1578.9917889888989,1378.2683267377886,8.5,3.4000000000000004,2024-01-06 18:00:00,0.33306592555033093
1746.2311557788946,1384.9953268988625,37.52063779134723,90.9525710236632,41.52776515856571,260.6322883742481,1635.3198089090174,1,0.5393524289827613,101.28882779463963,80.17330775464212,1508.9172395750654,1121.3306936024803,8.5,3.4000000000000004,2024-01-06 19:00:00,0.33827502202209253
1758.7939698492464,1394.9593220564084,37.52063779134723,187.22666200001413,36.64323810082662,238.31489056044404,1760.755908951975,0,0.7310380712882985,41.85674066793451,77.34393453954964,1299.3863539487486,1395.2016357256286,8.5,3.4000000000000004,2024-01-06 20:00:00,0.3123679719311402
1771.356783919598,1404.9233172139539,37.52063779134723,187.903081252283,32.99285689638797,276.27859343867874,1694.0572699923905,1,0.35270264297808346,72.42472420321816,127.36739711112902,1625.2045380376715,1158.0807086103214,17.5,7.0,2024-01-06 21:00:00,0.3713160233121705
1783.9195979899498,1414.8873123714998,37.52063779134723,212.0159069804031,31.949058561682115,264.8264887509471,1670.7867162054802,0,0.5769117203168628,86.39685101319418,80.3085453364805,1141.1800012582125,1415.9489450395363,8.5,3.4000000000000004,2024-01-06 22:00:00,0.3356678610457413
1796.4824120603016,1424.8513075290455,37.52063779134723,270.60342192825095,36.99701016684548,252.6758566616232,1682.6426183174126,0,0.5564896749104538,57.67462699095362,73.58764939832871,1148.6625402847144,1068.8924716001613,8.5,3.4000000000000004,2024-01-06 23:00:00,0.367856899196011
1809.0452261306534,1434.8153026865914,37.52063779134723,224.4520189869467,34.72775569816335,268.60098867728226,1703.648046102978,2,0.4406964910860815,126.56159865004173,100.00066799485298,1501.4515913398109,1431.5629518899448,8.5,3.4000000000000004,2024-01-07 00:00:00,0.37094421563145163
1821.6080402010052,1444.779297844137,37.52063779134723,216.1013257900933,26.397435741369485,236.09469094773425,1716.1162910116475,2,0.7111140562885052,55.02973475565231,86.32419803098436,1033.899262631467,1234.4855539197904,12.25,4.9,2024-01-07 01:00:00,0.38624157759977773
1834.1708542713568,1454.7432930016828,37.52063779134723,19.265206648695585,39.70677284269098,222.12432211322775,1720.6255079702228,2,0.6764243279411031,92.46566936612786,119.1281945478468,691.5714245565644,1119.42446533277,8.5,3.4000000000000004,2024-01-07 02:00:00,0.39135831947151545
1846.7336683417086,1464.7072881592285,37.52063779134723,135.55090360414738,41.376089218406634,252.90173907687236,1698.225721025978,0,0.6664295936659155,109.02871771882893,73.98838937561426,794.3316524080993,1145.5166889106551,17.5,7.0,2024-01-07 03:00:00,0.37079197710849565
1859.2964824120604,1474.6712833167744,37.52063779134723,83.54006629241616,38.43297549788374,246.32531941540807,1731.2126711705903,0,0.7380962391347781,70.08104098746021,148.47158166714425,735.2379369328123,1249.8872410334207,17.5,7.0,2024-01-07 04:00:00,0.35495849124275236
1871.8592964824122,1484.63527847432,37.52063779134723,95.53324017671116,29.388296811602164,244.50918100187943,1723.1092554878198,0,0.6613923003107606,103.76716725183095,169.85144705786584,1625.9598861151162,1481.8052888868924,12.25,4.9,2024-01-07 05:00:00,0.4081169487799558
1884.422110552764,1494.599273631866,37.52063779134723,199.56149076252416,31.76186048770196,273.78616815017466,1691.8112412660598,1,0.4159206458573632,117.08904988611101,148.83236547745173,1218.7594223584333,1120.4311480915517,17.5,7.0,2024-01-07 06:00:00,0.35787098705140125
1896.9849246231156,1504.5632687894117,37.52063779134723,71.82191337465903,25.757033381105565,253.7991111431538,1685.7749590973485,0,0.6527813558248455,58.308009413563205,122.07678508881656,1413.3127266015942,1024.0960101258847,17.5,7.0,2024-01-07 07:00:00,0.38014789437155627
1909.5477386934674,1514.5272639469574,37.52063779134723,105.82167636608311,43.12551509644735,256.7241078654055,1757.5973667367855,2,0.4538514066949219,131.35626120257896,158.41643474650712,1040.75512986261,1281.4036508180932,12.25,4.9,2024-01-07 08:00:00,0.37203480605906625
1922.1105527638192,1524.4912591045033,37.52063779134723,85.35049506624243,33.4612197747499,245.90807473536842,1754.8899906655708,2,0.42108732517373526,99.16430495086561,145.96118183751742,880.0358722011302,1249.6299689276195,8.5,3.4000000000000004,2024-01-07 09:00:00,0.41992994914973264
1934.673366834171,1534.455254262049,37.52063779134723,341.4610595585501,47.0109991508694,271.0679882117954,1733.0251058973706,0,0.33650179644981365,67.09084792709557,61.47898640091795,1003.8368749517523,1227.5322538182456,12.25,4.9,2024-01-07 10:00:00,0.38012652648141704
1947.2361809045228,1544.419249419595,37.52063779134723,340.0796635815943,45.220342648734835,268.4794405681179,1777.8726607124493,0,0.6720142901738384,78.52250465992323,116.22792261027251,1542.4088411371174,1333.107243724021,8.5,3.4000000000000004,2024-01-07 11:00:00,0.378057155064653
1959.7989949748744,1554.3832445771404,37.52063779134723,219.5789610945786,31.026700363926683,272.9115179955999,1635.0911038781892,2,0.6555004809749057,70.99145359470475,156.95250373692795,1385.2143295210012,1116.8380254669817,8.5,3.4000000000000004,2024-01-07 12:00:00,0.4109421682847386
1972.3618090452262,1564.3472397346864,37.52063779134723,332.828088743484,32.1021337003318,246.48944464074506,1706.4323538848678,0,0.41724973883704686,109.28399347335885,104.62955391819727,1708.0496541865487,1467.4276822067097,17.5,7.0,2024-01-07 13:00:00,0.40471647279518946
1984.924623115578,1574.311234892232,37.52063779134723,282.89255236861436,38.074064060657925,283.5128926901631,1678.3308296171026,2,0.674689508362078,118.01252024359503,63.81258848292961,1452.6189077539602,1214.5280202180745,12.25,4.9,2024-01-07 14:00:00,0.3577096079727002
1997.4874371859298,1584.275230049778,37.52063779134723,212.38123780865115,27.070041781166427,295.2028914803053,1850.4548977643592,1,0.7589204415467765,122.88934136741047,160.04034861790547,1327.426993347722,1083.3318779605825,17.5,7.0,2024-01-07 15:00:00,0.40031436807158227
2010.0502512562816,1594.2392252073237,37.52063779134723,2.3166761388464563,33.75109666518043,276.2646904672265,1774.7968748008977,2,0.3540144787457896,136.66160413995183,158.98945201925156,1299.5596508163494,1365.5574126320757,17.5,7.0,2024-01-07 16:00:00,0.42555788908458103
2022.6130653266332,1604.2032203648694,37.52063779134723,278.10586298858544,33.35123719761505,244.2345562916011,1736.6773838718166,1,0.41631831919338746,123.94434296393244,80.89468631337245,1772.98102829702,1294.304585912335,8.5,3.4000000000000004,2024-01-07 17:00:00,0.4537300895244623
2035.175879396985,1614.167215522415,37.52063779134723,252.89580297184878,45.39750186495769,245.37267586751744,1781.37461127067,0,0.6751303970436577,107.20988259887845,124.08034744631264,1592.5120399879615,1128.1324996212934,17.5,7.0,2024-01-07 18:00:00,0.4199498592764289
2047.7386934673368,1624.131210679961,37.52063779134723,221.49131518166905,37.04640153432189,254.9055819561344,1799.43346478975,0,0.4372533367535391,78.23658355396945,79.519047406159,540.8026630081824,1272.5791719458648,12.25,4.9,2024-01-07 19:00:00,0.39657704533759913
2060.3015075376884,1634.0952058375067,37.52063779134723,273.75275220568983,34.91711717068909,252.12197630338028,1800.3958654518296,1,0.6123319871418584,85.60355904530063,147.86509424850226,1255.6416830065348,1122.590134836688,17.5,7.0,2024-01-07 20:00:00,0.38467546148774956
2072.8643216080404,1644.0592009950526,37.52063779134723,184.65197931891566,33.28316834652402,262.98406758575993,1792.6940544042754,0,0.34058211223185725,40.89694896753137,85.67454157561447,1400.685688440832,1273.5742980556447,17.5,7.0,2024-01-07 21:00:00,0.4518558877369401
2085.427135678392,1654.0231961525983,37.52063779134723,253.46997767568206,41.01047994814995,278.0511689426168,1734.9764632587867,1,0.5261012395517694,113.58924695783033,91.26439426467475,1563.5914231436082,1458.4110238273652,8.5,3.4000000000000004,2024-01-07 22:00:00,0.4485419483470287
2097.989949748744,1663.9871913101442,37.52063779134723,336.6619512215376,34.1563177934494,272.1977679460114,1724.529807722324,0,0.6695457109964765,75.3641882124598,166.45869462095965,829.9402339130459,1100.2080542204615,12.25,4.9,2024-01-07 23:00:00,0.3929902720276872
2110.5527638190956,1673.95118646769,37.52063779134723,135.28980570459106,36.4880969928644,271.44089977449477,1702.9832189711192,2,0.6432569715216263,37.622864387472355,108.34806156960819,1573.6386675760893,1216.0196908095115,17.5,7.0,2024-01-08 00:00:00,0.39217376177847646
2123.115577889447,1683.9151816252354,37.52063779134723,254.92386056422515,33.64353420389253,263.5674631665206,1777.7096405802358,0,0.7075360503379033,45.29354430487833,138.77266635473558,1745.520935776755,1400.2044921626918,8.5,3.4000000000000004,2024-01-08 01:00:00,0.446136793259007
2135.6783919597992,1693.8791767827815,37.52063779134723,171.24761448394514,29.351106107750844,267.9109991349872,1746.135089750978,2,0.7387260633015844,76.50177597653035,103.03913363040132,839.2097518088879,1510.0517693229015,17.5,7.0,2024-01-08 02:00:00,0.4086308845838358
2148.241206030151,1703.843171940327,37.52063779134723,242.78387465303337,32.058256080889954,286.3158273446128,1734.6529242651893,2,0.686591750629379,98.3854027883881,93.74846940130233,1701.6178122475892,1217.3915743806476,12.25,4.9,2024-01-08 03:00:00,0.41028812104222595
2160.804020100503,1713.8071670978732,37.52063779134723,274.6416007995711,34.62821313415527,231.14155615979098,1733.5380069782907,1,0.635793871469463,79.5162530888279,135.9800937626561,675.9438900752251,1244.3256526809064,17.5,7.0,2024-01-08 04:00:00,0.397389828726866
2173.3668341708544,1723.7711622554186,37.52063779134723,16.362900156886546,35.92143747123604,272.1493080559672,1831.0753058700473,0,0.31586124590801556,99.61901997563132,83.50568534427941,665.9728808788803,1281.9141343731587,17.5,7.0,2024-01-08 05:00:00,0.41107091880515384
2185.929648241206,1733.7351574129643,37.52063779134723,232.7761598215183,36.240231944512104,279.1332676398429,1807.6942942540284,1,0.5674833367047221,88.78897463276847,110.84814821668716,832.3590814815075,1462.9501103703128,8.5,3.4000000000000004,2024-01-08 06:00:00,0.4299366854075062
2198.492462311558,1743.6991525705103,37.52063779134723,81.62682638650004,36.99239302311129,290.0415766279969,1853.0745656919848,0,0.3188488624574264,106.22139190525903,80.48967839051656,724.2157264711501,1442.3307847522378,17.5,7.0,2024-01-08 07:00:00,0.46298232618955315
2211.0552763819096,1753.663147728056,37.52063779134723,241.21171361072405,35.09319332652552,255.1653959871291,1789.5002871538138,2,0.7040339085580113,64.1470743553195,141.16558634975564,1637.9066447513785,1071.8828275930061,8.5,3.4000000000000004,2024-01-08 08:00:00,0.4258418647177569
2223.6180904522616,1763.6271428856019,37.52063779134723,168.59886693617284,44.38190316969805,255.10452063949782,1767.391793445585,2,0.4603622622299788,53.22719052834981,193.5678112125927,664.4812877223126,1236.160964495197,12.25,4.9,2024-01-08 09:00:00,0.4275840520384365
2236.180904522613,1773.5911380431476,37.52063779134723,278.47898707135937,42.47583197971638,289.03821370187745,1764.768548169226,0,0.5812146870589605,97.60786061879517,178.21124273222716,945.1418524469409,1249.4950957588426,17.5,7.0,2024-01-08 10:00:00,0.4257275061597662
2248.743718592965,1783.5551332006933,37.52063779134723,44.42429347401471,37.16000499605274,240.26646851493103,1716.5181926170303,0,0.4397226536594513,89.06954610900635,109.62216327301135,758.9568098792804,1401.407326473268,12.25,4.9,2024-01-08 11:00:00,0.4475771104696973
2261.306532663317,1793.5191283582392,37.52063779134723,225.47604659623025,39.20648268228737,305.9956950510396,1705.9569196661657,1,0.6912500721901468,38.68679993101834,86.72464294266615,905.1763254157436,1340.2386794748666,12.25,4.9,2024-01-08 12:00:00,0.4203249763267949
2273.8693467336684,1803.4831235157849,37.52063779134723,100.24946241391883,36.174390027893075,284.8801521814347,1795.8895196220114,0,0.7432512633209513,76.69704695416715,111.91882486457224,751.2382233172966,1352.8580839876727,17.5,7.0,2024-01-08 13:00:00,0.45333694274994624
2286.4321608040204,1813.4471186733308,37.52063779134723,307.0735183190129,23.91704472647443,312.51913612420185,1725.2831322768368,0,0.499321247106532,45.334471189351014,159.70864238158455,1346.5191982637627,1520.494539636818,8.5,3.4000000000000004,2024-01-08 14:00:00,0.477703987780273
2298.994974874372,1823.4111138308765,37.52063779134723,334.21806202907067,38.336576202938886,260.5996638516974,1784.0845547679933,0,0.7314611967554945,98.46280533665082,83.54883081027045,788.6147763617041,1038.8030892258716,12.25,4.9,2024-01-08 15:00:00,0.41277804537813656
2311.5577889447236,1833.375108988422,37.52063779134723,358.70338572445996,39.861822896140296,274.6103215244774,1830.7796005030239,1,0.4335375037281662,78.21029646338941,174.14434542971804,1566.8705907791834,1118.540234523153,12.25,4.9,2024-01-08 16:00:00,0.4132894958195209
2324.1206030150756,1843.3391041459681,37.52063779134723,286.562664873822,30.370082251258548,236.17654387605916,1743.2281689703505,0,0.5673304615377619,106.6349083414421,100.8818529443123,1678.7690730404997,1214.4241159475287,17.5,7.0,2024-01-08 17:00:00,0.422336411618466
2336.683417085427,1853.3030993035136,37.52063779134723,271.34426535408164,41.03008633900815,269.4165146704459,1878.519546625106,2,0.729380714919352,122.11770222046606,173.5190066476806,654.5611038115833,1174.1560289949957,17.5,7.0,2024-01-08 18:00:00,0.4709026895898967
2349.2462311557792,1863.2670944610597,37.52063779134723,77.58027319231837,37.22978755488655,282.6497718316684,1729.9553081219537,1,0.4629406713078952,65.53855707586793,162.47972160985614,1597.0703626788397,1003.3113914673224,17.5,7.0,2024-01-08 19:00:00,0.5052947545496961
2361.809045226131,1873.2310896186052,37.52063779134723,120.96254123643915,40.42197949935936,248.06895736169176,1830.4944012672831,1,0.7770211325390428,137.46574341151035,157.63369884709024,634.6868487805328,997.7745483780616,17.5,7.0,2024-01-08 20:00:00,0.4228502556472513
2374.3718592964824,1883.195084776151,37.52063779134723,167.64571503442062,37.57995761091107,280.4269722336471,1803.7170717730407,2,0.3609397508906918,97.61204138419666,100.63146920554365,861.5038397448361,1354.8319538842845,17.5,7.0,2024-01-08 21:00:00,0.5185405023177646
2386.9346733668344,1893.1590799336968,37.52063779134723,278.4171772016099,45.18636317047122,249.56910445616484,1843.678624487362,2,0.3091375348617531,101.44117591746623,52.48099516512575,606.8806188421258,1460.4911760189475,17.5,7.0,2024-01-08 22:00:00,0.4380147858304204
2399.497487437186,1903.1230750912425,37.52063779134723,329.3877114280687,40.162374853832866,285.16310381089573,1729.6585806957019,2,0.7520676762890953,108.4373840842799,106.64017027757592,1010.3673607706,1233.891128509852,8.5,3.4000000000000004,2024-01-08 23:00:00,0.5140978502932598
2412.0603015075376,1913.0870702487882,37.52063779134723,68.09007600827447,44.14295299584792,314.2509455670435,1902.3141063849987,0,0.3343243330739361,103.91586644398359,86.28914278001315,1170.240143372501,1281.6989127512263,12.25,4.9,2024-01-09 00:00:00,0.4806975367998022
2424.6231155778896,1923.0510654063341,37.52063779134723,332.052294481237,44.65414136493806,291.605511538351,1779.5189056218048,2,0.7959445979737458,91.21759043689295,63.60978437667277,1594.0471310673877,1115.7161828498392,8.5,3.4000000000000004,2024-01-09 01:00:00,0.5008603618434623
2437.185929648241,1933.0150605638798,37.52063779134723,250.4248748474609,33.73237197519675,326.4656535086241,1823.7846560495461,0,0.775698430989553,84.06592005547907,123.93351224447694,1040.8105649137706,1376.607598168714,8.5,3.4000000000000004,2024-01-09 02:00:00,0.48850548437436647
2449.7487437185932,1942.9790557214258,37.52063779134723,219.8774630466139,35.73470620710852,310.02375684003476,1863.671232805539,1,0.3685104550181603,42.48411734714524,113.59265311194022,1464.1592683548392,1402.1125042308952,17.5,7.0,2024-01-09 03:00:00,0.48765457126165407
2462.311557788945,1952.9430508789715,37.52063779134723,71.94285766149822,41.787483922420996,322.25726206003657,1762.708354257085,1,0.5687923128462828,36.812104846719706,137.81907644946799,824.0301221157331,1274.370156804548,12.25,4.9,2024-01-09 04:00:00,0.5259522543942281
2474.8743718592964,1962.9070460365172,37.52063779134723,19.989011811294198,37.80138404157431,280.99179978608606,1835.7223750528365,2,0.39246014873357216,82.23597195119245,137.91931233975492,1533.7090623902009,1086.489187481807,8.5,3.4000000000000004,2024-01-09 05:00:00,0.520563512328641
2487.4371859296484,1972.871041194063,37.52063779134723,204.64736346285838,38.53567656565915,281.50427155155427,1757.357173918035,0,0.51407758651506,76.38669159329297,72.99457149718931,922.7652023949843,1084.6057964314248,17.5,7.0,2024-01-09 06:00:00,0.49582766083823004
2500.0,1982.8350363516088,37.52063779134723,234.54564599840128,46.261174474369135,305.1957719628682,1867.2733344756334,2,0.33071256462991633,76.03122495704376,174.6900266855699,794.9995939696056,1029.2081539578353,17.5,7.0,2024-01-09 07:00:00,0.4611635929396062
